PRODUCT_SKU,PRODUCT_TITLE,BRAND,IMAGES,variant_facet_value,Retailing,Price,Type
H2-01-01, Pet Dog Classic Knitwear Sweater Warm Winter Puppy Pet Coat Soft Sweater Clothing for Small Dogs,Generic,https://ae01.alicdn.com/kf/S276527f98cb5475697d758465a0dcab8z.jpg | https://ae01.alicdn.com/kf/Hbce68af2d00549f1abc9aba7c731b46fG.jpg | https://ae01.alicdn.com/kf/Ha47e7cb641ab4377bc9eed8c9ac9b60al.jpg | https://ae01.alicdn.com/kf/S00f9f6cb8205429dbffc1c30cf315841j.jpg | https://ae01.alicdn.com/kf/Hdb6dfdef757f47a29ea311b96deb474fX.jpg,grey (XS),20.99,5.0,Pet Products
H1-01-03, Pet Dog Classic Knitwear Sweater Warm Winter Puppy Pet Coat Soft Sweater Clothing for Small Dogs,Generic,https://ae01.alicdn.com/kf/S276527f98cb5475697d758465a0dcab8z.jpg | https://ae01.alicdn.com/kf/Hbce68af2d00549f1abc9aba7c731b46fG.jpg | https://ae01.alicdn.com/kf/Ha47e7cb641ab4377bc9eed8c9ac9b60al.jpg | https://ae01.alicdn.com/kf/S00f9f6cb8205429dbffc1c30cf315841j.jpg | https://ae01.alicdn.com/kf/Hdb6dfdef757f47a29ea311b96deb474fX.jpg,red (XS),20.99,5.0,Pet Products
I1-03-02, Pet Dog Classic Knitwear Sweater Warm Winter Puppy Pet Coat Soft Sweater Clothing for Small Dogs,Generic,https://ae01.alicdn.com/kf/S276527f98cb5475697d758465a0dcab8z.jpg | https://ae01.alicdn.com/kf/Hbce68af2d00549f1abc9aba7c731b46fG.jpg | https://ae01.alicdn.com/kf/Ha47e7cb641ab4377bc9eed8c9ac9b60al.jpg | https://ae01.alicdn.com/kf/S00f9f6cb8205429dbffc1c30cf315841j.jpg | https://ae01.alicdn.com/kf/Hdb6dfdef757f47a29ea311b96deb474fX.jpg,Brown (XS),20.99,5.0,Pet Products
I1-03-05, Pet Dog Classic Knitwear Sweater Warm Winter Puppy Pet Coat Soft Sweater Clothing for Small Dogs,Generic,https://ae01.alicdn.com/kf/S276527f98cb5475697d758465a0dcab8z.jpg | https://ae01.alicdn.com/kf/Hbce68af2d00549f1abc9aba7c731b46fG.jpg | https://ae01.alicdn.com/kf/Ha47e7cb641ab4377bc9eed8c9ac9b60al.jpg | https://ae01.alicdn.com/kf/S00f9f6cb8205429dbffc1c30cf315841j.jpg | https://ae01.alicdn.com/kf/Hdb6dfdef757f47a29ea311b96deb474fX.jpg,Army blue (XS),20.99,5.0,Pet Products
H2-01-07, Pet Dog Classic Knitwear Sweater Warm Winter Puppy Pet Coat Soft Sweater Clothing for Small Dogs,Generic,https://ae01.alicdn.com/kf/S276527f98cb5475697d758465a0dcab8z.jpg | https://ae01.alicdn.com/kf/Hbce68af2d00549f1abc9aba7c731b46fG.jpg | https://ae01.alicdn.com/kf/Ha47e7cb641ab4377bc9eed8c9ac9b60al.jpg | https://ae01.alicdn.com/kf/S00f9f6cb8205429dbffc1c30cf315841j.jpg | https://ae01.alicdn.com/kf/Hdb6dfdef757f47a29ea311b96deb474fX.jpg,Purple (XS),20.99,5.0,Pet Products
I1-05-07, Pet Dog Classic Knitwear Sweater Warm Winter Puppy Pet Coat Soft Sweater Clothing for Small Dogs,Generic,https://ae01.alicdn.com/kf/S276527f98cb5475697d758465a0dcab8z.jpg | https://ae01.alicdn.com/kf/Hbce68af2d00549f1abc9aba7c731b46fG.jpg | https://ae01.alicdn.com/kf/Ha47e7cb641ab4377bc9eed8c9ac9b60al.jpg | https://ae01.alicdn.com/kf/S00f9f6cb8205429dbffc1c30cf315841j.jpg | https://ae01.alicdn.com/kf/Hdb6dfdef757f47a29ea311b96deb474fX.jpg,Gold (XS),20.99,5.0,Pet Products
I1-05-01, Pet Dog Classic Knitwear Sweater Warm Winter Puppy Pet Coat Soft Sweater Clothing for Small Dogs,Generic,https://ae01.alicdn.com/kf/S276527f98cb5475697d758465a0dcab8z.jpg | https://ae01.alicdn.com/kf/Hbce68af2d00549f1abc9aba7c731b46fG.jpg | https://ae01.alicdn.com/kf/Ha47e7cb641ab4377bc9eed8c9ac9b60al.jpg | https://ae01.alicdn.com/kf/S00f9f6cb8205429dbffc1c30cf315841j.jpg | https://ae01.alicdn.com/kf/Hdb6dfdef757f47a29ea311b96deb474fX.jpg,Khaki (XS),20.99,5.0,Pet Products
H1-02-06, Pet Dog Classic Knitwear Sweater Warm Winter Puppy Pet Coat Soft Sweater Clothing for Small Dogs,Generic,https://ae01.alicdn.com/kf/S276527f98cb5475697d758465a0dcab8z.jpg | https://ae01.alicdn.com/kf/Hbce68af2d00549f1abc9aba7c731b46fG.jpg | https://ae01.alicdn.com/kf/Ha47e7cb641ab4377bc9eed8c9ac9b60al.jpg | https://ae01.alicdn.com/kf/S00f9f6cb8205429dbffc1c30cf315841j.jpg | https://ae01.alicdn.com/kf/Hdb6dfdef757f47a29ea311b96deb474fX.jpg,Blue (S),20.99,5.0,Pet Products
H2-02-01, Pet Dog Classic Knitwear Sweater Warm Winter Puppy Pet Coat Soft Sweater Clothing for Small Dogs,Generic,https://ae01.alicdn.com/kf/S276527f98cb5475697d758465a0dcab8z.jpg | https://ae01.alicdn.com/kf/Hbce68af2d00549f1abc9aba7c731b46fG.jpg | https://ae01.alicdn.com/kf/Ha47e7cb641ab4377bc9eed8c9ac9b60al.jpg | https://ae01.alicdn.com/kf/S00f9f6cb8205429dbffc1c30cf315841j.jpg | https://ae01.alicdn.com/kf/Hdb6dfdef757f47a29ea311b96deb474fX.jpg,grey (S),20.99,5.0,Pet Products
H1-02-03, Pet Dog Classic Knitwear Sweater Warm Winter Puppy Pet Coat Soft Sweater Clothing for Small Dogs,Generic,https://ae01.alicdn.com/kf/S276527f98cb5475697d758465a0dcab8z.jpg | https://ae01.alicdn.com/kf/Hbce68af2d00549f1abc9aba7c731b46fG.jpg | https://ae01.alicdn.com/kf/Ha47e7cb641ab4377bc9eed8c9ac9b60al.jpg | https://ae01.alicdn.com/kf/S00f9f6cb8205429dbffc1c30cf315841j.jpg | https://ae01.alicdn.com/kf/Hdb6dfdef757f47a29ea311b96deb474fX.jpg,red (S),20.99,5.0,Pet Products
I1-04-02, Pet Dog Classic Knitwear Sweater Warm Winter Puppy Pet Coat Soft Sweater Clothing for Small Dogs,Generic,https://ae01.alicdn.com/kf/S276527f98cb5475697d758465a0dcab8z.jpg | https://ae01.alicdn.com/kf/Hbce68af2d00549f1abc9aba7c731b46fG.jpg | https://ae01.alicdn.com/kf/Ha47e7cb641ab4377bc9eed8c9ac9b60al.jpg | https://ae01.alicdn.com/kf/S00f9f6cb8205429dbffc1c30cf315841j.jpg | https://ae01.alicdn.com/kf/Hdb6dfdef757f47a29ea311b96deb474fX.jpg,Brown (S),20.99,5.0,Pet Products
I1-04-05, Pet Dog Classic Knitwear Sweater Warm Winter Puppy Pet Coat Soft Sweater Clothing for Small Dogs,Generic,https://ae01.alicdn.com/kf/S276527f98cb5475697d758465a0dcab8z.jpg | https://ae01.alicdn.com/kf/Hbce68af2d00549f1abc9aba7c731b46fG.jpg | https://ae01.alicdn.com/kf/Ha47e7cb641ab4377bc9eed8c9ac9b60al.jpg | https://ae01.alicdn.com/kf/S00f9f6cb8205429dbffc1c30cf315841j.jpg | https://ae01.alicdn.com/kf/Hdb6dfdef757f47a29ea311b96deb474fX.jpg,Army blue (S),20.99,5.0,Pet Products
H2-02-07, Pet Dog Classic Knitwear Sweater Warm Winter Puppy Pet Coat Soft Sweater Clothing for Small Dogs,Generic,https://ae01.alicdn.com/kf/S276527f98cb5475697d758465a0dcab8z.jpg | https://ae01.alicdn.com/kf/Hbce68af2d00549f1abc9aba7c731b46fG.jpg | https://ae01.alicdn.com/kf/Ha47e7cb641ab4377bc9eed8c9ac9b60al.jpg | https://ae01.alicdn.com/kf/S00f9f6cb8205429dbffc1c30cf315841j.jpg | https://ae01.alicdn.com/kf/Hdb6dfdef757f47a29ea311b96deb474fX.jpg,Purple (S),20.99,5.0,Pet Products
I1-06-07, Pet Dog Classic Knitwear Sweater Warm Winter Puppy Pet Coat Soft Sweater Clothing for Small Dogs,Generic,https://ae01.alicdn.com/kf/S276527f98cb5475697d758465a0dcab8z.jpg | https://ae01.alicdn.com/kf/Hbce68af2d00549f1abc9aba7c731b46fG.jpg | https://ae01.alicdn.com/kf/Ha47e7cb641ab4377bc9eed8c9ac9b60al.jpg | https://ae01.alicdn.com/kf/S00f9f6cb8205429dbffc1c30cf315841j.jpg | https://ae01.alicdn.com/kf/Hdb6dfdef757f47a29ea311b96deb474fX.jpg,Gold (S),20.99,5.0,Pet Products
I1-06-01, Pet Dog Classic Knitwear Sweater Warm Winter Puppy Pet Coat Soft Sweater Clothing for Small Dogs,Generic,https://ae01.alicdn.com/kf/S276527f98cb5475697d758465a0dcab8z.jpg | https://ae01.alicdn.com/kf/Hbce68af2d00549f1abc9aba7c731b46fG.jpg | https://ae01.alicdn.com/kf/Ha47e7cb641ab4377bc9eed8c9ac9b60al.jpg | https://ae01.alicdn.com/kf/S00f9f6cb8205429dbffc1c30cf315841j.jpg | https://ae01.alicdn.com/kf/Hdb6dfdef757f47a29ea311b96deb474fX.jpg,Khaki (S),20.99,5.0,Pet Products
H1-01-07, Pet Dog Classic Knitwear Sweater Warm Winter Puppy Pet Coat Soft Sweater Clothing for Small Dogs,Generic,https://ae01.alicdn.com/kf/S276527f98cb5475697d758465a0dcab8z.jpg | https://ae01.alicdn.com/kf/Hbce68af2d00549f1abc9aba7c731b46fG.jpg | https://ae01.alicdn.com/kf/Ha47e7cb641ab4377bc9eed8c9ac9b60al.jpg | https://ae01.alicdn.com/kf/S00f9f6cb8205429dbffc1c30cf315841j.jpg | https://ae01.alicdn.com/kf/Hdb6dfdef757f47a29ea311b96deb474fX.jpg,Blue (M),20.99,5.0,Pet Products
H2-01-02, Pet Dog Classic Knitwear Sweater Warm Winter Puppy Pet Coat Soft Sweater Clothing for Small Dogs,Generic,https://ae01.alicdn.com/kf/S276527f98cb5475697d758465a0dcab8z.jpg | https://ae01.alicdn.com/kf/Hbce68af2d00549f1abc9aba7c731b46fG.jpg | https://ae01.alicdn.com/kf/Ha47e7cb641ab4377bc9eed8c9ac9b60al.jpg | https://ae01.alicdn.com/kf/S00f9f6cb8205429dbffc1c30cf315841j.jpg | https://ae01.alicdn.com/kf/Hdb6dfdef757f47a29ea311b96deb474fX.jpg,grey (M),20.99,5.0,Pet Products
H1-01-04, Pet Dog Classic Knitwear Sweater Warm Winter Puppy Pet Coat Soft Sweater Clothing for Small Dogs,Generic,https://ae01.alicdn.com/kf/S276527f98cb5475697d758465a0dcab8z.jpg | https://ae01.alicdn.com/kf/Hbce68af2d00549f1abc9aba7c731b46fG.jpg | https://ae01.alicdn.com/kf/Ha47e7cb641ab4377bc9eed8c9ac9b60al.jpg | https://ae01.alicdn.com/kf/S00f9f6cb8205429dbffc1c30cf315841j.jpg | https://ae01.alicdn.com/kf/Hdb6dfdef757f47a29ea311b96deb474fX.jpg,red (M),20.99,5.0,Pet Products
H2-01-05, Pet Dog Classic Knitwear Sweater Warm Winter Puppy Pet Coat Soft Sweater Clothing for Small Dogs,Generic,https://ae01.alicdn.com/kf/S276527f98cb5475697d758465a0dcab8z.jpg | https://ae01.alicdn.com/kf/Hbce68af2d00549f1abc9aba7c731b46fG.jpg | https://ae01.alicdn.com/kf/Ha47e7cb641ab4377bc9eed8c9ac9b60al.jpg | https://ae01.alicdn.com/kf/S00f9f6cb8205429dbffc1c30cf315841j.jpg | https://ae01.alicdn.com/kf/Hdb6dfdef757f47a29ea311b96deb474fX.jpg,Green (M),20.99,5.0,Pet Products
I1-03-03, Pet Dog Classic Knitwear Sweater Warm Winter Puppy Pet Coat Soft Sweater Clothing for Small Dogs,Generic,https://ae01.alicdn.com/kf/S276527f98cb5475697d758465a0dcab8z.jpg | https://ae01.alicdn.com/kf/Hbce68af2d00549f1abc9aba7c731b46fG.jpg | https://ae01.alicdn.com/kf/Ha47e7cb641ab4377bc9eed8c9ac9b60al.jpg | https://ae01.alicdn.com/kf/S00f9f6cb8205429dbffc1c30cf315841j.jpg | https://ae01.alicdn.com/kf/Hdb6dfdef757f47a29ea311b96deb474fX.jpg,Brown (M),20.99,5.0,Pet Products
I1-03-06, Pet Dog Classic Knitwear Sweater Warm Winter Puppy Pet Coat Soft Sweater Clothing for Small Dogs,Generic,https://ae01.alicdn.com/kf/S276527f98cb5475697d758465a0dcab8z.jpg | https://ae01.alicdn.com/kf/Hbce68af2d00549f1abc9aba7c731b46fG.jpg | https://ae01.alicdn.com/kf/Ha47e7cb641ab4377bc9eed8c9ac9b60al.jpg | https://ae01.alicdn.com/kf/S00f9f6cb8205429dbffc1c30cf315841j.jpg | https://ae01.alicdn.com/kf/Hdb6dfdef757f47a29ea311b96deb474fX.jpg,Army blue (M),20.99,5.0,Pet Products
H1-02-07, Pet Dog Classic Knitwear Sweater Warm Winter Puppy Pet Coat Soft Sweater Clothing for Small Dogs,Generic,https://ae01.alicdn.com/kf/S276527f98cb5475697d758465a0dcab8z.jpg | https://ae01.alicdn.com/kf/Hbce68af2d00549f1abc9aba7c731b46fG.jpg | https://ae01.alicdn.com/kf/Ha47e7cb641ab4377bc9eed8c9ac9b60al.jpg | https://ae01.alicdn.com/kf/S00f9f6cb8205429dbffc1c30cf315841j.jpg | https://ae01.alicdn.com/kf/Hdb6dfdef757f47a29ea311b96deb474fX.jpg,Blue (L),20.99,5.0,Pet Products
H2-02-02, Pet Dog Classic Knitwear Sweater Warm Winter Puppy Pet Coat Soft Sweater Clothing for Small Dogs,Generic,https://ae01.alicdn.com/kf/S276527f98cb5475697d758465a0dcab8z.jpg | https://ae01.alicdn.com/kf/Hbce68af2d00549f1abc9aba7c731b46fG.jpg | https://ae01.alicdn.com/kf/Ha47e7cb641ab4377bc9eed8c9ac9b60al.jpg | https://ae01.alicdn.com/kf/S00f9f6cb8205429dbffc1c30cf315841j.jpg | https://ae01.alicdn.com/kf/Hdb6dfdef757f47a29ea311b96deb474fX.jpg,grey (L),20.99,5.0,Pet Products
H1-02-04, Pet Dog Classic Knitwear Sweater Warm Winter Puppy Pet Coat Soft Sweater Clothing for Small Dogs,Generic,https://ae01.alicdn.com/kf/S276527f98cb5475697d758465a0dcab8z.jpg | https://ae01.alicdn.com/kf/Hbce68af2d00549f1abc9aba7c731b46fG.jpg | https://ae01.alicdn.com/kf/Ha47e7cb641ab4377bc9eed8c9ac9b60al.jpg | https://ae01.alicdn.com/kf/S00f9f6cb8205429dbffc1c30cf315841j.jpg | https://ae01.alicdn.com/kf/Hdb6dfdef757f47a29ea311b96deb474fX.jpg,red (L),20.99,5.0,Pet Products
H2-02-05, Pet Dog Classic Knitwear Sweater Warm Winter Puppy Pet Coat Soft Sweater Clothing for Small Dogs,Generic,https://ae01.alicdn.com/kf/S276527f98cb5475697d758465a0dcab8z.jpg | https://ae01.alicdn.com/kf/Hbce68af2d00549f1abc9aba7c731b46fG.jpg | https://ae01.alicdn.com/kf/Ha47e7cb641ab4377bc9eed8c9ac9b60al.jpg | https://ae01.alicdn.com/kf/S00f9f6cb8205429dbffc1c30cf315841j.jpg | https://ae01.alicdn.com/kf/Hdb6dfdef757f47a29ea311b96deb474fX.jpg,Green (L),20.99,5.0,Pet Products
I1-04-03, Pet Dog Classic Knitwear Sweater Warm Winter Puppy Pet Coat Soft Sweater Clothing for Small Dogs,Generic,https://ae01.alicdn.com/kf/S276527f98cb5475697d758465a0dcab8z.jpg | https://ae01.alicdn.com/kf/Hbce68af2d00549f1abc9aba7c731b46fG.jpg | https://ae01.alicdn.com/kf/Ha47e7cb641ab4377bc9eed8c9ac9b60al.jpg | https://ae01.alicdn.com/kf/S00f9f6cb8205429dbffc1c30cf315841j.jpg | https://ae01.alicdn.com/kf/Hdb6dfdef757f47a29ea311b96deb474fX.jpg,Brown (L),20.99,5.0,Pet Products
I1-04-06, Pet Dog Classic Knitwear Sweater Warm Winter Puppy Pet Coat Soft Sweater Clothing for Small Dogs,Generic,https://ae01.alicdn.com/kf/S276527f98cb5475697d758465a0dcab8z.jpg | https://ae01.alicdn.com/kf/Hbce68af2d00549f1abc9aba7c731b46fG.jpg | https://ae01.alicdn.com/kf/Ha47e7cb641ab4377bc9eed8c9ac9b60al.jpg | https://ae01.alicdn.com/kf/S00f9f6cb8205429dbffc1c30cf315841j.jpg | https://ae01.alicdn.com/kf/Hdb6dfdef757f47a29ea311b96deb474fX.jpg,Army blue (L),20.99,5.0,Pet Products
H1-02-01, Pet Dog Classic Knitwear Sweater Warm Winter Puppy Pet Coat Soft Sweater Clothing for Small Dogs,Generic,https://ae01.alicdn.com/kf/S276527f98cb5475697d758465a0dcab8z.jpg | https://ae01.alicdn.com/kf/Hbce68af2d00549f1abc9aba7c731b46fG.jpg | https://ae01.alicdn.com/kf/Ha47e7cb641ab4377bc9eed8c9ac9b60al.jpg | https://ae01.alicdn.com/kf/S00f9f6cb8205429dbffc1c30cf315841j.jpg | https://ae01.alicdn.com/kf/Hdb6dfdef757f47a29ea311b96deb474fX.jpg,Gold (L),20.99,5.0,Pet Products
H1-03-01, Pet Dog Classic Knitwear Sweater Warm Winter Puppy Pet Coat Soft Sweater Clothing for Small Dogs,Generic,https://ae01.alicdn.com/kf/S276527f98cb5475697d758465a0dcab8z.jpg | https://ae01.alicdn.com/kf/Hbce68af2d00549f1abc9aba7c731b46fG.jpg | https://ae01.alicdn.com/kf/Ha47e7cb641ab4377bc9eed8c9ac9b60al.jpg | https://ae01.alicdn.com/kf/S00f9f6cb8205429dbffc1c30cf315841j.jpg | https://ae01.alicdn.com/kf/Hdb6dfdef757f47a29ea311b96deb474fX.jpg,Blue (XL),20.99,5.0,Pet Products
H2-01-03, Pet Dog Classic Knitwear Sweater Warm Winter Puppy Pet Coat Soft Sweater Clothing for Small Dogs,Generic,https://ae01.alicdn.com/kf/S276527f98cb5475697d758465a0dcab8z.jpg | https://ae01.alicdn.com/kf/Hbce68af2d00549f1abc9aba7c731b46fG.jpg | https://ae01.alicdn.com/kf/Ha47e7cb641ab4377bc9eed8c9ac9b60al.jpg | https://ae01.alicdn.com/kf/S00f9f6cb8205429dbffc1c30cf315841j.jpg | https://ae01.alicdn.com/kf/Hdb6dfdef757f47a29ea311b96deb474fX.jpg,grey (XL),20.99,5.0,Pet Products
H1-01-05, Pet Dog Classic Knitwear Sweater Warm Winter Puppy Pet Coat Soft Sweater Clothing for Small Dogs,Generic,https://ae01.alicdn.com/kf/S276527f98cb5475697d758465a0dcab8z.jpg | https://ae01.alicdn.com/kf/Hbce68af2d00549f1abc9aba7c731b46fG.jpg | https://ae01.alicdn.com/kf/Ha47e7cb641ab4377bc9eed8c9ac9b60al.jpg | https://ae01.alicdn.com/kf/S00f9f6cb8205429dbffc1c30cf315841j.jpg | https://ae01.alicdn.com/kf/Hdb6dfdef757f47a29ea311b96deb474fX.jpg,red (XL),20.99,5.0,Pet Products
H2-01-06, Pet Dog Classic Knitwear Sweater Warm Winter Puppy Pet Coat Soft Sweater Clothing for Small Dogs,Generic,https://ae01.alicdn.com/kf/S276527f98cb5475697d758465a0dcab8z.jpg | https://ae01.alicdn.com/kf/Hbce68af2d00549f1abc9aba7c731b46fG.jpg | https://ae01.alicdn.com/kf/Ha47e7cb641ab4377bc9eed8c9ac9b60al.jpg | https://ae01.alicdn.com/kf/S00f9f6cb8205429dbffc1c30cf315841j.jpg | https://ae01.alicdn.com/kf/Hdb6dfdef757f47a29ea311b96deb474fX.jpg,Green (XL),20.99,5.0,Pet Products
I1-03-04, Pet Dog Classic Knitwear Sweater Warm Winter Puppy Pet Coat Soft Sweater Clothing for Small Dogs,Generic,https://ae01.alicdn.com/kf/S276527f98cb5475697d758465a0dcab8z.jpg | https://ae01.alicdn.com/kf/Hbce68af2d00549f1abc9aba7c731b46fG.jpg | https://ae01.alicdn.com/kf/Ha47e7cb641ab4377bc9eed8c9ac9b60al.jpg | https://ae01.alicdn.com/kf/S00f9f6cb8205429dbffc1c30cf315841j.jpg | https://ae01.alicdn.com/kf/Hdb6dfdef757f47a29ea311b96deb474fX.jpg,Brown (XL),20.99,5.0,Pet Products
I1-03-07, Pet Dog Classic Knitwear Sweater Warm Winter Puppy Pet Coat Soft Sweater Clothing for Small Dogs,Generic,https://ae01.alicdn.com/kf/S276527f98cb5475697d758465a0dcab8z.jpg | https://ae01.alicdn.com/kf/Hbce68af2d00549f1abc9aba7c731b46fG.jpg | https://ae01.alicdn.com/kf/Ha47e7cb641ab4377bc9eed8c9ac9b60al.jpg | https://ae01.alicdn.com/kf/S00f9f6cb8205429dbffc1c30cf315841j.jpg | https://ae01.alicdn.com/kf/Hdb6dfdef757f47a29ea311b96deb474fX.jpg,Army blue (XL),20.99,5.0,Pet Products
H1-01-02, Pet Dog Classic Knitwear Sweater Warm Winter Puppy Pet Coat Soft Sweater Clothing for Small Dogs,Generic,https://ae01.alicdn.com/kf/S276527f98cb5475697d758465a0dcab8z.jpg | https://ae01.alicdn.com/kf/Hbce68af2d00549f1abc9aba7c731b46fG.jpg | https://ae01.alicdn.com/kf/Ha47e7cb641ab4377bc9eed8c9ac9b60al.jpg | https://ae01.alicdn.com/kf/S00f9f6cb8205429dbffc1c30cf315841j.jpg | https://ae01.alicdn.com/kf/Hdb6dfdef757f47a29ea311b96deb474fX.jpg,Gold (XL),20.99,5.0,Pet Products
I1-05-03, Pet Dog Classic Knitwear Sweater Warm Winter Puppy Pet Coat Soft Sweater Clothing for Small Dogs,Generic,https://ae01.alicdn.com/kf/S276527f98cb5475697d758465a0dcab8z.jpg | https://ae01.alicdn.com/kf/Hbce68af2d00549f1abc9aba7c731b46fG.jpg | https://ae01.alicdn.com/kf/Ha47e7cb641ab4377bc9eed8c9ac9b60al.jpg | https://ae01.alicdn.com/kf/S00f9f6cb8205429dbffc1c30cf315841j.jpg | https://ae01.alicdn.com/kf/Hdb6dfdef757f47a29ea311b96deb474fX.jpg,Khaki (XL),20.99,5.0,Pet Products
H1-04-01, Pet Dog Classic Knitwear Sweater Warm Winter Puppy Pet Coat Soft Sweater Clothing for Small Dogs,Generic,https://ae01.alicdn.com/kf/S276527f98cb5475697d758465a0dcab8z.jpg | https://ae01.alicdn.com/kf/Hbce68af2d00549f1abc9aba7c731b46fG.jpg | https://ae01.alicdn.com/kf/Ha47e7cb641ab4377bc9eed8c9ac9b60al.jpg | https://ae01.alicdn.com/kf/S00f9f6cb8205429dbffc1c30cf315841j.jpg | https://ae01.alicdn.com/kf/Hdb6dfdef757f47a29ea311b96deb474fX.jpg,Blue (XXL),20.99,5.0,Pet Products
H2-02-03, Pet Dog Classic Knitwear Sweater Warm Winter Puppy Pet Coat Soft Sweater Clothing for Small Dogs,Generic,https://ae01.alicdn.com/kf/S276527f98cb5475697d758465a0dcab8z.jpg | https://ae01.alicdn.com/kf/Hbce68af2d00549f1abc9aba7c731b46fG.jpg | https://ae01.alicdn.com/kf/Ha47e7cb641ab4377bc9eed8c9ac9b60al.jpg | https://ae01.alicdn.com/kf/S00f9f6cb8205429dbffc1c30cf315841j.jpg | https://ae01.alicdn.com/kf/Hdb6dfdef757f47a29ea311b96deb474fX.jpg,grey (XXL),20.99,5.0,Pet Products
H1-02-05, Pet Dog Classic Knitwear Sweater Warm Winter Puppy Pet Coat Soft Sweater Clothing for Small Dogs,Generic,https://ae01.alicdn.com/kf/S276527f98cb5475697d758465a0dcab8z.jpg | https://ae01.alicdn.com/kf/Hbce68af2d00549f1abc9aba7c731b46fG.jpg | https://ae01.alicdn.com/kf/Ha47e7cb641ab4377bc9eed8c9ac9b60al.jpg | https://ae01.alicdn.com/kf/S00f9f6cb8205429dbffc1c30cf315841j.jpg | https://ae01.alicdn.com/kf/Hdb6dfdef757f47a29ea311b96deb474fX.jpg,red (XXL),20.99,5.0,Pet Products
H2-02-06, Pet Dog Classic Knitwear Sweater Warm Winter Puppy Pet Coat Soft Sweater Clothing for Small Dogs,Generic,https://ae01.alicdn.com/kf/S276527f98cb5475697d758465a0dcab8z.jpg | https://ae01.alicdn.com/kf/Hbce68af2d00549f1abc9aba7c731b46fG.jpg | https://ae01.alicdn.com/kf/Ha47e7cb641ab4377bc9eed8c9ac9b60al.jpg | https://ae01.alicdn.com/kf/S00f9f6cb8205429dbffc1c30cf315841j.jpg | https://ae01.alicdn.com/kf/Hdb6dfdef757f47a29ea311b96deb474fX.jpg,Green (XXL),20.99,5.0,Pet Products
I1-04-04, Pet Dog Classic Knitwear Sweater Warm Winter Puppy Pet Coat Soft Sweater Clothing for Small Dogs,Generic,https://ae01.alicdn.com/kf/S276527f98cb5475697d758465a0dcab8z.jpg | https://ae01.alicdn.com/kf/Hbce68af2d00549f1abc9aba7c731b46fG.jpg | https://ae01.alicdn.com/kf/Ha47e7cb641ab4377bc9eed8c9ac9b60al.jpg | https://ae01.alicdn.com/kf/S00f9f6cb8205429dbffc1c30cf315841j.jpg | https://ae01.alicdn.com/kf/Hdb6dfdef757f47a29ea311b96deb474fX.jpg,Brown (XXL),20.99,5.0,Pet Products
I1-04-07, Pet Dog Classic Knitwear Sweater Warm Winter Puppy Pet Coat Soft Sweater Clothing for Small Dogs,Generic,https://ae01.alicdn.com/kf/S276527f98cb5475697d758465a0dcab8z.jpg | https://ae01.alicdn.com/kf/Hbce68af2d00549f1abc9aba7c731b46fG.jpg | https://ae01.alicdn.com/kf/Ha47e7cb641ab4377bc9eed8c9ac9b60al.jpg | https://ae01.alicdn.com/kf/S00f9f6cb8205429dbffc1c30cf315841j.jpg | https://ae01.alicdn.com/kf/Hdb6dfdef757f47a29ea311b96deb474fX.jpg,Army blue (XXL),20.99,5.0,Pet Products
H2-04-02, Pet Dog Classic Knitwear Sweater Warm Winter Puppy Pet Coat Soft Sweater Clothing for Small Dogs,Generic,https://ae01.alicdn.com/kf/S276527f98cb5475697d758465a0dcab8z.jpg | https://ae01.alicdn.com/kf/Hbce68af2d00549f1abc9aba7c731b46fG.jpg | https://ae01.alicdn.com/kf/Ha47e7cb641ab4377bc9eed8c9ac9b60al.jpg | https://ae01.alicdn.com/kf/S00f9f6cb8205429dbffc1c30cf315841j.jpg | https://ae01.alicdn.com/kf/Hdb6dfdef757f47a29ea311b96deb474fX.jpg,Purple (XXL),20.99,5.0,Pet Products
H1-02-02, Pet Dog Classic Knitwear Sweater Warm Winter Puppy Pet Coat Soft Sweater Clothing for Small Dogs,Generic,https://ae01.alicdn.com/kf/S276527f98cb5475697d758465a0dcab8z.jpg | https://ae01.alicdn.com/kf/Hbce68af2d00549f1abc9aba7c731b46fG.jpg | https://ae01.alicdn.com/kf/Ha47e7cb641ab4377bc9eed8c9ac9b60al.jpg | https://ae01.alicdn.com/kf/S00f9f6cb8205429dbffc1c30cf315841j.jpg | https://ae01.alicdn.com/kf/Hdb6dfdef757f47a29ea311b96deb474fX.jpg,Gold (XXL),20.99,5.0,Pet Products
I1-06-03, Pet Dog Classic Knitwear Sweater Warm Winter Puppy Pet Coat Soft Sweater Clothing for Small Dogs,Generic,https://ae01.alicdn.com/kf/S276527f98cb5475697d758465a0dcab8z.jpg | https://ae01.alicdn.com/kf/Hbce68af2d00549f1abc9aba7c731b46fG.jpg | https://ae01.alicdn.com/kf/Ha47e7cb641ab4377bc9eed8c9ac9b60al.jpg | https://ae01.alicdn.com/kf/S00f9f6cb8205429dbffc1c30cf315841j.jpg | https://ae01.alicdn.com/kf/Hdb6dfdef757f47a29ea311b96deb474fX.jpg,Khaki (XXL),20.99,5.0,Pet Products
F4-01-02-green," Retractable Dog Leash, Dog Walking Leash For Small To Large Dogs Up To 110lbs /44 lbs, One Button Break (3 Meter Green)",Generic,https://ae01.alicdn.com/kf/Sba3d3142dca2490a93711207cd136bf2G.jpg | https://ae01.alicdn.com/kf/S70839b82622d4f3e9c02445879a2acc3G.jpg | https://ae01.alicdn.com/kf/S69cc4f9232be421aa4797bc07176b65bq.jpg | https://ae01.alicdn.com/kf/Sbc1a46bc0ef14855b5bff0ddd26f092aj.jpg | https://ae01.alicdn.com/kf/S445561e431b747a6864e2946c41016664.jpg,,29.99,5.0,Pet Products
F4-02-02- red," Retractable Dog Leash, Dog Walking Leash For Small To Large Dogs Up To 110lbs /44 lbs, One Button Break (3 Meter Red)",Generic,https://ae01.alicdn.com/kf/Sba3d3142dca2490a93711207cd136bf2G.jpg | https://ae01.alicdn.com/kf/S70839b82622d4f3e9c02445879a2acc3G.jpg | https://ae01.alicdn.com/kf/S69cc4f9232be421aa4797bc07176b65bq.jpg | https://ae01.alicdn.com/kf/Sbc1a46bc0ef14855b5bff0ddd26f092aj.jpg | https://ae01.alicdn.com/kf/S445561e431b747a6864e2946c41016664.jpg,,29.99,5.0,Pet Products
F4-02-02- yellow," Retractable Dog Leash, Dog Walking Leash For Small To Large Dogs Up To 110lbs /44 lbs, One Button Break (3 Meter Yellow)",Generic,https://ae01.alicdn.com/kf/Sba3d3142dca2490a93711207cd136bf2G.jpg | https://ae01.alicdn.com/kf/S70839b82622d4f3e9c02445879a2acc3G.jpg | https://ae01.alicdn.com/kf/S69cc4f9232be421aa4797bc07176b65bq.jpg | https://ae01.alicdn.com/kf/Sbc1a46bc0ef14855b5bff0ddd26f092aj.jpg | https://ae01.alicdn.com/kf/S445561e431b747a6864e2946c41016664.jpg,,29.99,5.0,Pet Products
F4-01-02- blue," Retractable Dog Leash, Dog Walking Leash For Small To Large Dogs Up To 110lbs /44 lbs, One Button Break (3 Meter Blue)",Generic,https://ae01.alicdn.com/kf/Sba3d3142dca2490a93711207cd136bf2G.jpg | https://ae01.alicdn.com/kf/S70839b82622d4f3e9c02445879a2acc3G.jpg | https://ae01.alicdn.com/kf/S69cc4f9232be421aa4797bc07176b65bq.jpg | https://ae01.alicdn.com/kf/Sbc1a46bc0ef14855b5bff0ddd26f092aj.jpg | https://ae01.alicdn.com/kf/S445561e431b747a6864e2946c41016664.jpg,,29.99,5.0,Pet Products
F4-01-01-green," Retractable Dog Leash, Dog Walking Leash For Small To Large Dogs Up To 110lbs /44 lbs, One Button Break & Lock, Heavy Duty No Tangle",Generic,https://ae01.alicdn.com/kf/Sba3d3142dca2490a93711207cd136bf2G.jpg | https://ae01.alicdn.com/kf/S70839b82622d4f3e9c02445879a2acc3G.jpg | https://ae01.alicdn.com/kf/S69cc4f9232be421aa4797bc07176b65bq.jpg | https://ae01.alicdn.com/kf/Sbc1a46bc0ef14855b5bff0ddd26f092aj.jpg | https://ae01.alicdn.com/kf/S445561e431b747a6864e2946c41016664.jpg,,29.99,5.0,Pet Products
F4-02-01-red," Retractable Dog Leash, Dog Walking Leash For Small To Large Dogs Up To 110lbs /44 lbs, One Button Break & Lock, Heavy Duty No Tangle",Generic,https://ae01.alicdn.com/kf/Sba3d3142dca2490a93711207cd136bf2G.jpg | https://ae01.alicdn.com/kf/S70839b82622d4f3e9c02445879a2acc3G.jpg | https://ae01.alicdn.com/kf/S69cc4f9232be421aa4797bc07176b65bq.jpg | https://ae01.alicdn.com/kf/Sbc1a46bc0ef14855b5bff0ddd26f092aj.jpg | https://ae01.alicdn.com/kf/S445561e431b747a6864e2946c41016664.jpg,,29.99,5.0,Pet Products
F4-02-01- yellow," Retractable Dog Leash, Dog Walking Leash For Small To Large Dogs Up To 110lbs /44 lbs, One Button Break & Lock, Heavy Duty No Tangle",Generic,https://ae01.alicdn.com/kf/Sba3d3142dca2490a93711207cd136bf2G.jpg | https://ae01.alicdn.com/kf/S70839b82622d4f3e9c02445879a2acc3G.jpg | https://ae01.alicdn.com/kf/S69cc4f9232be421aa4797bc07176b65bq.jpg | https://ae01.alicdn.com/kf/Sbc1a46bc0ef14855b5bff0ddd26f092aj.jpg | https://ae01.alicdn.com/kf/S445561e431b747a6864e2946c41016664.jpg,,29.99,5.0,Pet Products
F4-01-01- blue," Retractable Dog Leash, Dog Walking Leash For Small To Large Dogs Up To 110lbs /44 lbs, One Button Break & Lock, Heavy Duty No Tangle",Generic,https://ae01.alicdn.com/kf/Sba3d3142dca2490a93711207cd136bf2G.jpg | https://ae01.alicdn.com/kf/S70839b82622d4f3e9c02445879a2acc3G.jpg | https://ae01.alicdn.com/kf/S69cc4f9232be421aa4797bc07176b65bq.jpg | https://ae01.alicdn.com/kf/Sbc1a46bc0ef14855b5bff0ddd26f092aj.jpg | https://ae01.alicdn.com/kf/S445561e431b747a6864e2946c41016664.jpg,,29.99,5.0,Pet Products
F00-03-03,Pet Hair Remover Dog Brush Cat Comb For Long Hair Curly Dogs Cats,Generic,https://cdn.shopify.com/s/files/1/0407/9095/0040/files/download_20_480x480.jpg | https://cdn.shopify.com/s/files/1/0407/9095/0040/files/download_21_480x480.jpg | https://cdn.shopify.com/s/files/1/0407/9095/0040/files/download_21_480x480.jpg | https://cdn.shopify.com/s/files/1/0407/9095/0040/files/download_22_480x480.jpg | https://cdn.shopify.com/s/files/1/0407/9095/0040/files/download_22_480x480.jpg,,19.99,5.0,Pet Products
F00-03-05,Pet Hair Remover Dog Brush Cat Comb For Long Hair Curly Dogs Cats,Generic,https://cdn.shopify.com/s/files/1/0407/9095/0040/files/download_20_480x480.jpg | https://cdn.shopify.com/s/files/1/0407/9095/0040/files/download_21_480x480.jpg | https://cdn.shopify.com/s/files/1/0407/9095/0040/files/download_21_480x480.jpg | https://cdn.shopify.com/s/files/1/0407/9095/0040/files/download_22_480x480.jpg | https://cdn.shopify.com/s/files/1/0407/9095/0040/files/download_22_480x480.jpg,,19.99,5.0,Pet Products
F00-04-02,Pet Hair Remover Dog Brush Cat Comb For Long Hair Curly Dogs Cats,Generic,https://cdn.shopify.com/s/files/1/0407/9095/0040/files/download_20_480x480.jpg | https://cdn.shopify.com/s/files/1/0407/9095/0040/files/download_21_480x480.jpg | https://cdn.shopify.com/s/files/1/0407/9095/0040/files/download_21_480x480.jpg | https://cdn.shopify.com/s/files/1/0407/9095/0040/files/download_22_480x480.jpg | https://cdn.shopify.com/s/files/1/0407/9095/0040/files/download_22_480x480.jpg,,19.99,5.0,Pet Products
F00-04-03,Pet Hair Remover Dog Brush Cat Comb For Long Hair Curly Dogs Cats,Generic,https://cdn.shopify.com/s/files/1/0407/9095/0040/files/download_20_480x480.jpg | https://cdn.shopify.com/s/files/1/0407/9095/0040/files/download_21_480x480.jpg | https://cdn.shopify.com/s/files/1/0407/9095/0040/files/download_21_480x480.jpg | https://cdn.shopify.com/s/files/1/0407/9095/0040/files/download_22_480x480.jpg | https://cdn.shopify.com/s/files/1/0407/9095/0040/files/download_22_480x480.jpg,,19.99,5.0,Pet Products
E4-05-01, Dog Pet Training Toys foam Bite Resistant Flying Disc Frisbee,Generic,https://cdn.shopify.com/s/files/1/0407/9095/0040/files/images_8987599f-2ac6-4541-aeea-9dd16344cb05_480x480.jpg | https://cdn.shopify.com/s/files/1/0407/9095/0040/files/2021015746-3-magicstudio-i5ixkr-magic-egkg_480x480.jpg | https://cdn.shopify.com/s/files/1/0407/9095/0040/files/2021015746-3-magicstudio-i5ixkr-magic-egkg_480x480.jpg,,15.99,5.0,Pet Products
E4-05-02, Dog Pet Training Toys foam Bite Resistant Flying Disc Frisbee,Generic,https://cdn.shopify.com/s/files/1/0407/9095/0040/files/images_8987599f-2ac6-4541-aeea-9dd16344cb05_480x480.jpg | https://cdn.shopify.com/s/files/1/0407/9095/0040/files/2021015746-3-magicstudio-i5ixkr-magic-egkg_480x480.jpg | https://cdn.shopify.com/s/files/1/0407/9095/0040/files/2021015746-3-magicstudio-i5ixkr-magic-egkg_480x480.jpg,,15.99,5.0,Pet Products
C0-03-03, Airtag Pet Collar Holder Compatible With Apple Air Tags,Generic,https://cdn.shopify.com/s/files/1/0407/9095/0040/files/b1337001-ba75-417b-b460-2c1eae14bb57.jpg?v=1695099553,,13.9,5.0,Pet Products
C0-03-04, Airtag Pet Collar Holder Compatible With Apple Air Tags,Generic,https://cdn.shopify.com/s/files/1/0407/9095/0040/files/1_c894a9d8-a446-4e3b-9fbe-b5a968809e99.jpg?v=1695099554,,13.9,5.0,Pet Products
C0-04-01, Airtag Pet Collar Holder Compatible With Apple Air Tags,Generic,https://cdn.shopify.com/s/files/1/0407/9095/0040/files/2_dd094343-dd4f-495f-bb99-c7b67266d2ae.jpg?v=1695099554,,13.9,5.0,Pet Products
C0-04-03, Airtag Pet Collar Holder Compatible With Apple Air Tags,Generic,https://cdn.shopify.com/s/files/1/0407/9095/0040/files/3_edc48b40-3040-4e05-9e32-0661dc09bfe9.jpg?v=1695099554,,13.9,5.0,Pet Products
C0-03-06, Airtag Pet Collar Holder Compatible With Apple Air Tags,Generic,https://cdn.shopify.com/s/files/1/0407/9095/0040/files/4_7ff9d801-aff9-4ea6-b82e-83695571fb18.jpg?v=1695099553,,13.9,5.0,Pet Products
C0-04-05, Airtag Pet Collar Holder Compatible With Apple Air Tags,Generic,https://cdn.shopify.com/s/files/1/0407/9095/0040/files/5_286250f2-a921-4d18-b723-ae27d602d8f5.jpg?v=1695099554,,13.9,5.0,Pet Products
C0-04-06, Airtag Pet Collar Holder Compatible With Apple Air Tags,Generic,https://cdn.shopify.com/s/files/1/0407/9095/0040/files/6_6aa02ad9-aa23-4c3a-a975-5a354b39caed.jpg?v=1695099555,,13.9,5.0,Pet Products
C0-03-07, Airtag Pet Collar Holder Compatible With Apple Air Tags,Generic,https://cdn.shopify.com/s/files/1/0407/9095/0040/products/16.jpg?v=1695099571,,13.9,5.0,Pet Products
C0-04-07, Airtag Pet Collar Holder Compatible With Apple Air Tags,Generic,https://cdn.shopify.com/s/files/1/0407/9095/0040/products/17.jpg?v=1695099579,,13.9,5.0,Pet Products
C0-04-08, Airtag Pet Collar Holder Compatible With Apple Air Tags,Generic,https://cdn.shopify.com/s/files/1/0407/9095/0040/products/1dd4ec7d-3f0c-445c-8762-38526a2fa947.jpg?v=1695099588,,13.9,5.0,Pet Products
C0-04-04, Airtag Pet Collar Holder Compatible With Apple Air Tags,Generic,https://cdn.shopify.com/s/files/1/0407/9095/0040/products/21.jpg?v=1695099596,,13.9,5.0,Pet Products
F4-03-05,Grooming Brush For Dog Cat Deshedding Tool Rake Comb Fur Remover Reduce Pet Hair (Blue),Generic,https://i.ebayimg.com/images/g/c9gAAOSwDOhnV-3S/s-l1600.webp | https://i.ebayimg.com/images/g/gGMAAOSwmDZnV-1Y/s-l1600.webp | https://i.ebayimg.com/images/g/ZzAAAOSwYxhnV-1X/s-l1600.webp | https://i.ebayimg.com/images/g/CosAAOSwh9pnV-1X/s-l1600.webp | https://i.ebayimg.com/images/g/x3cAAOSwxltnV-1Z/s-l1600.webp | https://i.ebayimg.com/images/g/x3cAAOSwxltnV-1Z/s-l1600.webp | https://i.ebayimg.com/images/g/7~wAAOSwJ-lnV-1Z/s-l1600.webp | https://i.ebayimg.com/images/g/FqsAAOSwV35nV-1Z/s-l1600.webp ,,,5.0,Pet Products
E2-01-01,Grooming Brush For Dog Cat Deshedding Tool Rake Comb Fur Remover Reduce Pet Hair (Pink),Generic,https://i.ebayimg.com/images/g/6bcAAOSw4HxnV-3X/s-l1600.webp | https://i.ebayimg.com/images/g/gGMAAOSwmDZnV-1Y/s-l1600.webp | https://i.ebayimg.com/images/g/ZzAAAOSwYxhnV-1X/s-l1600.webp | https://i.ebayimg.com/images/g/CosAAOSwh9pnV-1X/s-l1600.webp | https://i.ebayimg.com/images/g/x3cAAOSwxltnV-1Z/s-l1600.webp | https://i.ebayimg.com/images/g/x3cAAOSwxltnV-1Z/s-l1600.webp | https://i.ebayimg.com/images/g/7~wAAOSwJ-lnV-1Z/s-l1600.webp | https://i.ebayimg.com/images/g/FqsAAOSwV35nV-1Z/s-l1600.webp ,,,5.0,Pet Products
F4-05-04 i,Grooming Brush For Dog Cat Deshedding Tool Rake Comb Fur Remover Reduce Pet Hair (Grey),Generic,https://i.ebayimg.com/images/g/uD0AAOSwDctnV-3r/s-l1600.webp | https://i.ebayimg.com/images/g/gGMAAOSwmDZnV-1Y/s-l1600.webp | https://i.ebayimg.com/images/g/ZzAAAOSwYxhnV-1X/s-l1600.webp | https://i.ebayimg.com/images/g/CosAAOSwh9pnV-1X/s-l1600.webp | https://i.ebayimg.com/images/g/x3cAAOSwxltnV-1Z/s-l1600.webp | https://i.ebayimg.com/images/g/x3cAAOSwxltnV-1Z/s-l1600.webp | https://i.ebayimg.com/images/g/7~wAAOSwJ-lnV-1Z/s-l1600.webp | https://i.ebayimg.com/images/g/FqsAAOSwV35nV-1Z/s-l1600.webp ,,,5.0,Pet Products
F4-01-05,Cat Harness Collar Leash For Pet Cat Outdoor Walking (Blue),Generic,https://i.ebayimg.com/images/g/maQAAOSwFLBlQcN0/s-l1600.jpg | https://i.ebayimg.com/images/g/K~8AAOSwioJlQcMk/s-l1600.jpg | https://i.ebayimg.com/images/g/HhUAAOSwn6llQcMn/s-l1600.jpg | https://i.ebayimg.com/images/g/sDEAAOSwwpZlQcMr/s-l1600.jpg | https://i.ebayimg.com/images/g/m-sAAOSw2TVlQcMv/s-l1600.jpg | https://i.ebayimg.com/images/g/pdcAAOSwfxxlQcMy/s-l1600.jpg,,,5.0,Pet Products
F4-01-07,Cat Harness Collar Leash For Pet Cat Outdoor Walking (Pink),Generic,https://i.ebayimg.com/images/g/wMoAAOSwyi9lQcN3/s-l1600.jpg | https://i.ebayimg.com/images/g/K~8AAOSwioJlQcMk/s-l1600.jpg | https://i.ebayimg.com/images/g/HhUAAOSwn6llQcMn/s-l1600.jpg | https://i.ebayimg.com/images/g/sDEAAOSwwpZlQcMr/s-l1600.jpg | https://i.ebayimg.com/images/g/m-sAAOSw2TVlQcMv/s-l1600.jpg | https://i.ebayimg.com/images/g/pdcAAOSwfxxlQcMy/s-l1600.jpg,,,5.0,Pet Products
F4-01-06,Cat Harness Collar Leash For Pet Cat Outdoor Walking (Black),Generic,https://i.ebayimg.com/images/g/nlsAAOSwIhdlQcN~/s-l1600.jpg | https://i.ebayimg.com/images/g/K~8AAOSwioJlQcMk/s-l1600.jpg | https://i.ebayimg.com/images/g/HhUAAOSwn6llQcMn/s-l1600.jpg | https://i.ebayimg.com/images/g/sDEAAOSwwpZlQcMr/s-l1600.jpg | https://i.ebayimg.com/images/g/m-sAAOSw2TVlQcMv/s-l1600.jpg | https://i.ebayimg.com/images/g/pdcAAOSwfxxlQcMy/s-l1600.jpg,,,5.0,Pet Products
F4-02-07,Cat Harness Collar Leash For Pet Cat Outdoor Walking (Coffee),Generic,https://i.ebayimg.com/images/g/K2QAAOSw9s5lQcOI/s-l1600.jpg | https://i.ebayimg.com/images/g/K~8AAOSwioJlQcMk/s-l1600.jpg | https://i.ebayimg.com/images/g/HhUAAOSwn6llQcMn/s-l1600.jpg | https://i.ebayimg.com/images/g/sDEAAOSwwpZlQcMr/s-l1600.jpg | https://i.ebayimg.com/images/g/m-sAAOSw2TVlQcMv/s-l1600.jpg | https://i.ebayimg.com/images/g/pdcAAOSwfxxlQcMy/s-l1600.jpg,,,5.0,Pet Products
F4-02-04,Cat Harness Collar Leash For Pet Cat Outdoor Walking (Purple),Generic,https://i.ebayimg.com/images/g/Yf8AAOSwxUNlQcOO/s-l1600.jpg | https://i.ebayimg.com/images/g/K~8AAOSwioJlQcMk/s-l1600.jpg | https://i.ebayimg.com/images/g/HhUAAOSwn6llQcMn/s-l1600.jpg | https://i.ebayimg.com/images/g/sDEAAOSwwpZlQcMr/s-l1600.jpg | https://i.ebayimg.com/images/g/m-sAAOSw2TVlQcMv/s-l1600.jpg | https://i.ebayimg.com/images/g/pdcAAOSwfxxlQcMy/s-l1600.jpg,,,5.0,Pet Products
F4-01-03,Cat Harness Collar Leash For Pet Cat Outdoor Walking (Green),Generic,https://i.ebayimg.com/images/g/MFAAAOSww2NlQcN9/s-l1600.jpg | https://i.ebayimg.com/images/g/K~8AAOSwioJlQcMk/s-l1600.jpg | https://i.ebayimg.com/images/g/HhUAAOSwn6llQcMn/s-l1600.jpg | https://i.ebayimg.com/images/g/sDEAAOSwwpZlQcMr/s-l1600.jpg | https://i.ebayimg.com/images/g/m-sAAOSw2TVlQcMv/s-l1600.jpg | https://i.ebayimg.com/images/g/pdcAAOSwfxxlQcMy/s-l1600.jpg,,,5.0,Pet Products
F4-02-05,Cat Harness Collar Leash For Pet Cat Outdoor Walking (Yellow),Generic,https://i.ebayimg.com/images/g/rNwAAOSwD~ZlQcOW/s-l1600.jpg | https://i.ebayimg.com/images/g/K~8AAOSwioJlQcMk/s-l1600.jpg | https://i.ebayimg.com/images/g/HhUAAOSwn6llQcMn/s-l1600.jpg | https://i.ebayimg.com/images/g/sDEAAOSwwpZlQcMr/s-l1600.jpg | https://i.ebayimg.com/images/g/m-sAAOSw2TVlQcMv/s-l1600.jpg | https://i.ebayimg.com/images/g/pdcAAOSwfxxlQcMy/s-l1600.jpg,,,5.0,Pet Products
F4-01-04,Cat Harness Collar Leash For Pet Cat Outdoor Walking (Sky Blue),Generic,https://i.ebayimg.com/images/g/jBoAAOSwunJlQcOQ/s-l1600.jpg | https://i.ebayimg.com/images/g/K~8AAOSwioJlQcMk/s-l1600.jpg | https://i.ebayimg.com/images/g/HhUAAOSwn6llQcMn/s-l1600.jpg | https://i.ebayimg.com/images/g/sDEAAOSwwpZlQcMr/s-l1600.jpg | https://i.ebayimg.com/images/g/m-sAAOSw2TVlQcMv/s-l1600.jpg | https://i.ebayimg.com/images/g/pdcAAOSwfxxlQcMy/s-l1600.jpg,,,5.0,Pet Products
F4-02-03,Cat Harness Collar Leash For Pet Cat Outdoor Walking (Orange),Generic,https://i.ebayimg.com/images/g/dfYAAOSwP7ZlQcOL/s-l1600.jpg | https://i.ebayimg.com/images/g/K~8AAOSwioJlQcMk/s-l1600.jpg | https://i.ebayimg.com/images/g/HhUAAOSwn6llQcMn/s-l1600.jpg | https://i.ebayimg.com/images/g/sDEAAOSwwpZlQcMr/s-l1600.jpg | https://i.ebayimg.com/images/g/m-sAAOSw2TVlQcMv/s-l1600.jpg | https://i.ebayimg.com/images/g/pdcAAOSwfxxlQcMy/s-l1600.jpg,,,5.0,Pet Products
E4-04-04,"Stainless Steel Portable Pet Feeding Food Bowl Water Feeder For Cat Puppy Dog (Blue, 10cm)",Generic,https://i.ebayimg.com/images/g/vCoAAOSwupNk8Ysw/s-l1600.jpg | https://i.ebayimg.com/images/g/dhIAAOSwICxk8Ys9/s-l1600.jpg | https://i.ebayimg.com/images/g/ZxQAAOSwE-Zk8Ys8/s-l1600.jpg | https://i.ebayimg.com/images/g/K64AAOSwKs5k8Ys9/s-l1600.jpg | https://i.ebayimg.com/images/g/RzUAAOSwFUNk8Ys~/s-l1600.jpg,10cm,,5.0,Pet Products
E4-03-02,"Stainless Steel Portable Pet Feeding Food Bowl Water Feeder For Cat Puppy Dog (Blue, 13cm)",Generic,https://i.ebayimg.com/images/g/vCoAAOSwupNk8Ysw/s-l1600.jpg | https://i.ebayimg.com/images/g/dhIAAOSwICxk8Ys9/s-l1600.jpg | https://i.ebayimg.com/images/g/ZxQAAOSwE-Zk8Ys8/s-l1600.jpg | https://i.ebayimg.com/images/g/K64AAOSwKs5k8Ys9/s-l1600.jpg | https://i.ebayimg.com/images/g/RzUAAOSwFUNk8Ys~/s-l1600.jpg,13cm,,5.0,Pet Products
F4-06-05,"Stainless Steel Portable Pet Feeding Food Bowl Water Feeder For Cat Puppy Dog (Blue, 16cm)",Generic,https://i.ebayimg.com/images/g/vCoAAOSwupNk8Ysw/s-l1600.jpg | https://i.ebayimg.com/images/g/dhIAAOSwICxk8Ys9/s-l1600.jpg | https://i.ebayimg.com/images/g/ZxQAAOSwE-Zk8Ys8/s-l1600.jpg | https://i.ebayimg.com/images/g/K64AAOSwKs5k8Ys9/s-l1600.jpg | https://i.ebayimg.com/images/g/RzUAAOSwFUNk8Ys~/s-l1600.jpg,16cm,,5.0,Pet Products
F4-05-01,"Stainless Steel Portable Pet Feeding Food Bowl Water Feeder For Cat Puppy Dog (Blue, 22cm)",Generic,https://i.ebayimg.com/images/g/vCoAAOSwupNk8Ysw/s-l1600.jpg | https://i.ebayimg.com/images/g/dhIAAOSwICxk8Ys9/s-l1600.jpg | https://i.ebayimg.com/images/g/ZxQAAOSwE-Zk8Ys8/s-l1600.jpg | https://i.ebayimg.com/images/g/K64AAOSwKs5k8Ys9/s-l1600.jpg | https://i.ebayimg.com/images/g/RzUAAOSwFUNk8Ys~/s-l1600.jpg,22cm,,5.0,Pet Products
E4-04-02,"Stainless Steel Portable Pet Feeding Food Bowl Water Feeder For Cat Puppy Dog (Yellow, 10cm)",Generic,https://i.ebayimg.com/images/g/QxEAAOSwdrVk8YsZ/s-l1600.jpg | https://i.ebayimg.com/images/g/dhIAAOSwICxk8Ys9/s-l1600.jpg | https://i.ebayimg.com/images/g/ZxQAAOSwE-Zk8Ys8/s-l1600.jpg | https://i.ebayimg.com/images/g/K64AAOSwKs5k8Ys9/s-l1600.jpg | https://i.ebayimg.com/images/g/RzUAAOSwFUNk8Ys~/s-l1600.jpg,10cm,,5.0,Pet Products
F4-06-01,"Stainless Steel Portable Pet Feeding Food Bowl Water Feeder For Cat Puppy Dog (Yellow, 16cm)",Generic,https://i.ebayimg.com/images/g/QxEAAOSwdrVk8YsZ/s-l1600.jpg | https://i.ebayimg.com/images/g/dhIAAOSwICxk8Ys9/s-l1600.jpg | https://i.ebayimg.com/images/g/ZxQAAOSwE-Zk8Ys8/s-l1600.jpg | https://i.ebayimg.com/images/g/K64AAOSwKs5k8Ys9/s-l1600.jpg | https://i.ebayimg.com/images/g/RzUAAOSwFUNk8Ys~/s-l1600.jpg,16cm,,5.0,Pet Products
F4-05-06,"Stainless Steel Portable Pet Feeding Food Bowl Water Feeder For Cat Puppy Dog (Yellow, 22cm)",Generic,https://i.ebayimg.com/images/g/QxEAAOSwdrVk8YsZ/s-l1600.jpg | https://i.ebayimg.com/images/g/dhIAAOSwICxk8Ys9/s-l1600.jpg | https://i.ebayimg.com/images/g/ZxQAAOSwE-Zk8Ys8/s-l1600.jpg | https://i.ebayimg.com/images/g/K64AAOSwKs5k8Ys9/s-l1600.jpg | https://i.ebayimg.com/images/g/RzUAAOSwFUNk8Ys~/s-l1600.jpg,22cm,,5.0,Pet Products
E4-04-05,"Stainless Steel Portable Pet Feeding Food Bowl Water Feeder For Cat Puppy Dog (Green, 10cm)",Generic,https://i.ebayimg.com/images/g/~OMAAOSwl7dk8YsR/s-l1600.jpg | https://i.ebayimg.com/images/g/dhIAAOSwICxk8Ys9/s-l1600.jpg | https://i.ebayimg.com/images/g/ZxQAAOSwE-Zk8Ys8/s-l1600.jpg | https://i.ebayimg.com/images/g/K64AAOSwKs5k8Ys9/s-l1600.jpg | https://i.ebayimg.com/images/g/RzUAAOSwFUNk8Ys~/s-l1600.jpg,10cm,,5.0,Pet Products
F4-06-07,"Stainless Steel Portable Pet Feeding Food Bowl Water Feeder For Cat Puppy Dog (Green, 13cm)",Generic,https://i.ebayimg.com/images/g/~OMAAOSwl7dk8YsR/s-l1600.jpg | https://i.ebayimg.com/images/g/dhIAAOSwICxk8Ys9/s-l1600.jpg | https://i.ebayimg.com/images/g/ZxQAAOSwE-Zk8Ys8/s-l1600.jpg | https://i.ebayimg.com/images/g/K64AAOSwKs5k8Ys9/s-l1600.jpg | https://i.ebayimg.com/images/g/RzUAAOSwFUNk8Ys~/s-l1600.jpg,13cm,,5.0,Pet Products
F4-06-06,"Stainless Steel Portable Pet Feeding Food Bowl Water Feeder For Cat Puppy Dog (Green, 16cm)",Generic,https://i.ebayimg.com/images/g/~OMAAOSwl7dk8YsR/s-l1600.jpg | https://i.ebayimg.com/images/g/dhIAAOSwICxk8Ys9/s-l1600.jpg | https://i.ebayimg.com/images/g/ZxQAAOSwE-Zk8Ys8/s-l1600.jpg | https://i.ebayimg.com/images/g/K64AAOSwKs5k8Ys9/s-l1600.jpg | https://i.ebayimg.com/images/g/RzUAAOSwFUNk8Ys~/s-l1600.jpg,16cm,,5.0,Pet Products
F4-05-02,"Stainless Steel Portable Pet Feeding Food Bowl Water Feeder For Cat Puppy Dog (Green, 22cm)",Generic,https://i.ebayimg.com/images/g/~OMAAOSwl7dk8YsR/s-l1600.jpg | https://i.ebayimg.com/images/g/dhIAAOSwICxk8Ys9/s-l1600.jpg | https://i.ebayimg.com/images/g/ZxQAAOSwE-Zk8Ys8/s-l1600.jpg | https://i.ebayimg.com/images/g/K64AAOSwKs5k8Ys9/s-l1600.jpg | https://i.ebayimg.com/images/g/RzUAAOSwFUNk8Ys~/s-l1600.jpg,22cm,,5.0,Pet Products
E4-04-03,"Stainless Steel Portable Pet Feeding Food Bowl Water Feeder For Cat Puppy Dog (Pink, 10cm)",Generic,https://i.ebayimg.com/images/g/Q1wAAOSwDXFk8YsK/s-l1600.jpg | https://i.ebayimg.com/images/g/dhIAAOSwICxk8Ys9/s-l1600.jpg | https://i.ebayimg.com/images/g/ZxQAAOSwE-Zk8Ys8/s-l1600.jpg | https://i.ebayimg.com/images/g/K64AAOSwKs5k8Ys9/s-l1600.jpg | https://i.ebayimg.com/images/g/RzUAAOSwFUNk8Ys~/s-l1600.jpg,10cm,,5.0,Pet Products
E4-02-01,"Stainless Steel Portable Pet Feeding Food Bowl Water Feeder For Cat Puppy Dog (Pink, 13cm)",Generic,https://i.ebayimg.com/images/g/Q1wAAOSwDXFk8YsK/s-l1600.jpg | https://i.ebayimg.com/images/g/dhIAAOSwICxk8Ys9/s-l1600.jpg | https://i.ebayimg.com/images/g/ZxQAAOSwE-Zk8Ys8/s-l1600.jpg | https://i.ebayimg.com/images/g/K64AAOSwKs5k8Ys9/s-l1600.jpg | https://i.ebayimg.com/images/g/RzUAAOSwFUNk8Ys~/s-l1600.jpg,13cm,,5.0,Pet Products
F4-06-02,"Stainless Steel Portable Pet Feeding Food Bowl Water Feeder For Cat Puppy Dog (Pink, 16cm)",Generic,https://i.ebayimg.com/images/g/Q1wAAOSwDXFk8YsK/s-l1600.jpg | https://i.ebayimg.com/images/g/dhIAAOSwICxk8Ys9/s-l1600.jpg | https://i.ebayimg.com/images/g/ZxQAAOSwE-Zk8Ys8/s-l1600.jpg | https://i.ebayimg.com/images/g/K64AAOSwKs5k8Ys9/s-l1600.jpg | https://i.ebayimg.com/images/g/RzUAAOSwFUNk8Ys~/s-l1600.jpg,16cm,,5.0,Pet Products
F4-05-04,"Stainless Steel Portable Pet Feeding Food Bowl Water Feeder For Cat Puppy Dog (Pink, 22cm)",Generic,https://i.ebayimg.com/images/g/Q1wAAOSwDXFk8YsK/s-l1600.jpg | https://i.ebayimg.com/images/g/dhIAAOSwICxk8Ys9/s-l1600.jpg | https://i.ebayimg.com/images/g/ZxQAAOSwE-Zk8Ys8/s-l1600.jpg | https://i.ebayimg.com/images/g/K64AAOSwKs5k8Ys9/s-l1600.jpg | https://i.ebayimg.com/images/g/RzUAAOSwFUNk8Ys~/s-l1600.jpg,22cm,,5.0,Pet Products
E4-04-06,"Stainless Steel Portable Pet Feeding Food Bowl Water Feeder For Cat Puppy Dog (Red, 10cm)",Generic,https://i.ebayimg.com/images/g/PmoAAOSwhh1k8Ysg/s-l1600.jpg | https://i.ebayimg.com/images/g/dhIAAOSwICxk8Ys9/s-l1600.jpg | https://i.ebayimg.com/images/g/ZxQAAOSwE-Zk8Ys8/s-l1600.jpg | https://i.ebayimg.com/images/g/K64AAOSwKs5k8Ys9/s-l1600.jpg | https://i.ebayimg.com/images/g/RzUAAOSwFUNk8Ys~/s-l1600.jpg,10cm,,5.0,Pet Products
E4-04-01,"Stainless Steel Portable Pet Feeding Food Bowl Water Feeder For Cat Puppy Dog (Red, 13cm)",Generic,https://i.ebayimg.com/images/g/PmoAAOSwhh1k8Ysg/s-l1600.jpg | https://i.ebayimg.com/images/g/dhIAAOSwICxk8Ys9/s-l1600.jpg | https://i.ebayimg.com/images/g/ZxQAAOSwE-Zk8Ys8/s-l1600.jpg | https://i.ebayimg.com/images/g/K64AAOSwKs5k8Ys9/s-l1600.jpg | https://i.ebayimg.com/images/g/RzUAAOSwFUNk8Ys~/s-l1600.jpg,13cm,,5.0,Pet Products
E4-03-07,"Stainless Steel Portable Pet Feeding Food Bowl Water Feeder For Cat Puppy Dog (Red, 20cm)",Generic,https://i.ebayimg.com/images/g/PmoAAOSwhh1k8Ysg/s-l1600.jpg | https://i.ebayimg.com/images/g/dhIAAOSwICxk8Ys9/s-l1600.jpg | https://i.ebayimg.com/images/g/ZxQAAOSwE-Zk8Ys8/s-l1600.jpg | https://i.ebayimg.com/images/g/K64AAOSwKs5k8Ys9/s-l1600.jpg | https://i.ebayimg.com/images/g/RzUAAOSwFUNk8Ys~/s-l1600.jpg,20cm,,5.0,Pet Products
F4-05-03,"Stainless Steel Portable Pet Feeding Food Bowl Water Feeder For Cat Puppy Dog (Red, 22cm)",Generic,https://i.ebayimg.com/images/g/PmoAAOSwhh1k8Ysg/s-l1600.jpg | https://i.ebayimg.com/images/g/dhIAAOSwICxk8Ys9/s-l1600.jpg | https://i.ebayimg.com/images/g/ZxQAAOSwE-Zk8Ys8/s-l1600.jpg | https://i.ebayimg.com/images/g/K64AAOSwKs5k8Ys9/s-l1600.jpg | https://i.ebayimg.com/images/g/RzUAAOSwFUNk8Ys~/s-l1600.jpg,22cm,,5.0,Pet Products
E4-04-07,"Stainless Steel Portable Pet Feeding Food Bowl Water Feeder For Cat Puppy Dog (Orange, 10cm)",Generic,https://i.ebayimg.com/images/g/KXkAAOSwZmZk8Ysn/s-l1600.jpg | https://i.ebayimg.com/images/g/dhIAAOSwICxk8Ys9/s-l1600.jpg | https://i.ebayimg.com/images/g/ZxQAAOSwE-Zk8Ys8/s-l1600.jpg | https://i.ebayimg.com/images/g/K64AAOSwKs5k8Ys9/s-l1600.jpg | https://i.ebayimg.com/images/g/RzUAAOSwFUNk8Ys~/s-l1600.jpg,10cm,,5.0,Pet Products
E4-03-01,"Stainless Steel Portable Pet Feeding Food Bowl Water Feeder For Cat Puppy Dog (Orange, 13cm)",Generic,https://i.ebayimg.com/images/g/KXkAAOSwZmZk8Ysn/s-l1600.jpg | https://i.ebayimg.com/images/g/dhIAAOSwICxk8Ys9/s-l1600.jpg | https://i.ebayimg.com/images/g/ZxQAAOSwE-Zk8Ys8/s-l1600.jpg | https://i.ebayimg.com/images/g/K64AAOSwKs5k8Ys9/s-l1600.jpg | https://i.ebayimg.com/images/g/RzUAAOSwFUNk8Ys~/s-l1600.jpg,13cm,,5.0,Pet Products
F4-06-04,"Stainless Steel Portable Pet Feeding Food Bowl Water Feeder For Cat Puppy Dog (Orange, 16cm)",Generic,https://i.ebayimg.com/images/g/KXkAAOSwZmZk8Ysn/s-l1600.jpg | https://i.ebayimg.com/images/g/dhIAAOSwICxk8Ys9/s-l1600.jpg | https://i.ebayimg.com/images/g/ZxQAAOSwE-Zk8Ys8/s-l1600.jpg | https://i.ebayimg.com/images/g/K64AAOSwKs5k8Ys9/s-l1600.jpg | https://i.ebayimg.com/images/g/RzUAAOSwFUNk8Ys~/s-l1600.jpg,16cm,,5.0,Pet Products
E4-03-04,"Stainless Steel Portable Pet Feeding Food Bowl Water Feeder For Cat Puppy Dog (Orange, 20cm)",Generic,https://i.ebayimg.com/images/g/KXkAAOSwZmZk8Ysn/s-l1600.jpg | https://i.ebayimg.com/images/g/dhIAAOSwICxk8Ys9/s-l1600.jpg | https://i.ebayimg.com/images/g/ZxQAAOSwE-Zk8Ys8/s-l1600.jpg | https://i.ebayimg.com/images/g/K64AAOSwKs5k8Ys9/s-l1600.jpg | https://i.ebayimg.com/images/g/RzUAAOSwFUNk8Ys~/s-l1600.jpg,20cm,,5.0,Pet Products
F4-05-05,"Stainless Steel Portable Pet Feeding Food Bowl Water Feeder For Cat Puppy Dog (Orange, 22cm)",Generic,https://i.ebayimg.com/images/g/KXkAAOSwZmZk8Ysn/s-l1600.jpg | https://i.ebayimg.com/images/g/dhIAAOSwICxk8Ys9/s-l1600.jpg | https://i.ebayimg.com/images/g/ZxQAAOSwE-Zk8Ys8/s-l1600.jpg | https://i.ebayimg.com/images/g/K64AAOSwKs5k8Ys9/s-l1600.jpg | https://i.ebayimg.com/images/g/RzUAAOSwFUNk8Ys~/s-l1600.jpg,22cm,,5.0,Pet Products
E4-01-01,"Padded Handle Outdoor Dog Leash Lead For Pets Puppy Cat (Orange, 1m)",Generic,https://i.ebayimg.com/images/g/XksAAOSwqw9lQKt5/s-l1600.jpg | https://i.ebayimg.com/images/g/7XEAAOSw~EllQKtI/s-l1600.jpg | https://i.ebayimg.com/images/g/ymkAAOSwOGplQKtU/s-l1600.jpg | https://i.ebayimg.com/images/g/ZTYAAOSwtiVlQKtY/s-l1600.jpg | https://i.ebayimg.com/images/g/nLYAAOSw1fJlQKtb/s-l1600.jpg,1m,,5.0,Pet Products
E4-02-04,"Padded Handle Outdoor Dog Leash Lead For Pets Puppy Cat (Orange, 1.5m)",Generic,https://i.ebayimg.com/images/g/XksAAOSwqw9lQKt5/s-l1600.jpg | https://i.ebayimg.com/images/g/7XEAAOSw~EllQKtI/s-l1600.jpg | https://i.ebayimg.com/images/g/ymkAAOSwOGplQKtU/s-l1600.jpg | https://i.ebayimg.com/images/g/ZTYAAOSwtiVlQKtY/s-l1600.jpg | https://i.ebayimg.com/images/g/nLYAAOSw1fJlQKtb/s-l1600.jpg,1.5m,,5.0,Pet Products
E4-02-03,"Padded Handle Outdoor Dog Leash Lead For Pets Puppy Cat (Red, 1m)",Generic,https://i.ebayimg.com/images/g/LswAAOSwYI1lQKty/s-l1600.jpg | https://i.ebayimg.com/images/g/7XEAAOSw~EllQKtI/s-l1600.jpg | https://i.ebayimg.com/images/g/ymkAAOSwOGplQKtU/s-l1600.jpg | https://i.ebayimg.com/images/g/ZTYAAOSwtiVlQKtY/s-l1600.jpg | https://i.ebayimg.com/images/g/nLYAAOSw1fJlQKtb/s-l1600.jpg,1m,,5.0,Pet Products
E4-01-04,"Padded Handle Outdoor Dog Leash Lead For Pets Puppy Cat (Red, 1.5m)",Generic,https://i.ebayimg.com/images/g/LswAAOSwYI1lQKty/s-l1600.jpg | https://i.ebayimg.com/images/g/7XEAAOSw~EllQKtI/s-l1600.jpg | https://i.ebayimg.com/images/g/ymkAAOSwOGplQKtU/s-l1600.jpg | https://i.ebayimg.com/images/g/ZTYAAOSwtiVlQKtY/s-l1600.jpg | https://i.ebayimg.com/images/g/nLYAAOSw1fJlQKtb/s-l1600.jpg,1.5m,,5.0,Pet Products
E4-02-06,"Padded Handle Outdoor Dog Leash Lead For Pets Puppy Cat (Black, 1m)",Generic,https://i.ebayimg.com/images/g/yI8AAOSwjWJlQKuG/s-l1600.jpg| https://i.ebayimg.com/images/g/7XEAAOSw~EllQKtI/s-l1600.jpg | https://i.ebayimg.com/images/g/ymkAAOSwOGplQKtU/s-l1600.jpg | https://i.ebayimg.com/images/g/ZTYAAOSwtiVlQKtY/s-l1600.jpg | https://i.ebayimg.com/images/g/nLYAAOSw1fJlQKtb/s-l1600.jpg,1m,,5.0,Pet Products
E4-02-02,"Padded Handle Outdoor Dog Leash Lead For Pets Puppy Cat (Black, 1.2m)",Generic,https://i.ebayimg.com/images/g/yI8AAOSwjWJlQKuG/s-l1600.jpg| https://i.ebayimg.com/images/g/7XEAAOSw~EllQKtI/s-l1600.jpg | https://i.ebayimg.com/images/g/ymkAAOSwOGplQKtU/s-l1600.jpg | https://i.ebayimg.com/images/g/ZTYAAOSwtiVlQKtY/s-l1600.jpg | https://i.ebayimg.com/images/g/nLYAAOSw1fJlQKtb/s-l1600.jpg,1.2m,,5.0,Pet Products
E4-02-05,"Padded Handle Outdoor Dog Leash Lead For Pets Puppy Cat (Black, 1.5m)",Generic,https://i.ebayimg.com/images/g/yI8AAOSwjWJlQKuG/s-l1600.jpg| https://i.ebayimg.com/images/g/7XEAAOSw~EllQKtI/s-l1600.jpg | https://i.ebayimg.com/images/g/ymkAAOSwOGplQKtU/s-l1600.jpg | https://i.ebayimg.com/images/g/ZTYAAOSwtiVlQKtY/s-l1600.jpg | https://i.ebayimg.com/images/g/nLYAAOSw1fJlQKtb/s-l1600.jpg,1.5m,,5.0,Pet Products
E4-01-03,"Padded Handle Outdoor Dog Leash Lead For Pets Puppy Cat (Blue, 1.2m)",Generic,https://i.ebayimg.com/images/g/J4YAAOSw67tlQKt~/s-l1600.jpg | https://i.ebayimg.com/images/g/7XEAAOSw~EllQKtI/s-l1600.jpg | https://i.ebayimg.com/images/g/ymkAAOSwOGplQKtU/s-l1600.jpg | https://i.ebayimg.com/images/g/ZTYAAOSwtiVlQKtY/s-l1600.jpg | https://i.ebayimg.com/images/g/nLYAAOSw1fJlQKtb/s-l1600.jpg,,,5.0,Pet Products
E4-01-02,"Padded Handle Outdoor Dog Leash Lead For Pets Puppy Cat (Yellow, 1m)",Generic,https://i.ebayimg.com/images/g/zEwAAOSwe9plQKuO/s-l1600.jpg | https://i.ebayimg.com/images/g/7XEAAOSw~EllQKtI/s-l1600.jpg | https://i.ebayimg.com/images/g/ymkAAOSwOGplQKtU/s-l1600.jpg | https://i.ebayimg.com/images/g/ZTYAAOSwtiVlQKtY/s-l1600.jpg | https://i.ebayimg.com/images/g/nLYAAOSw1fJlQKtb/s-l1600.jpg,1m,,5.0,Pet Products
E4-01-05,"Padded Handle Outdoor Dog Leash Lead For Pets Puppy Cat (Yellow, 1.5m)",Generic,https://i.ebayimg.com/images/g/zEwAAOSwe9plQKuO/s-l1600.jpg | https://i.ebayimg.com/images/g/7XEAAOSw~EllQKtI/s-l1600.jpg | https://i.ebayimg.com/images/g/ymkAAOSwOGplQKtU/s-l1600.jpg | https://i.ebayimg.com/images/g/ZTYAAOSwtiVlQKtY/s-l1600.jpg | https://i.ebayimg.com/images/g/nLYAAOSw1fJlQKtb/s-l1600.jpg,1.5m,,5.0,Pet Products
F4-03-07,Rubber Pet Dog Frisbee Durable Fetch Toy For Puppy Exercise Outdoor Training(Purple),Generic,https://i.ebayimg.com/images/g/NusAAOSwCXdlQKO0/s-l1600.jpg | https://i.ebayimg.com/images/g/aWsAAOSwKDdlQKNW/s-l1600.jpg | https://i.ebayimg.com/images/g/QaUAAOSwcyJlQKNb/s-l1600.jpg | https://i.ebayimg.com/images/g/RxEAAOSwD~ZlQKNf/s-l1600.jpg | https://i.ebayimg.com/images/g/mJ4AAOSw~UllQKNl/s-l1600.jpg | https://i.ebayimg.com/images/g/asUAAOSwEEZlQKNi/s-l1600.jpg,,,5.0,Pet Products
F4-04-07,Rubber Pet Dog Frisbee Durable Fetch Toy For Puppy Exercise Outdoor Training(Orange),Generic,https://i.ebayimg.com/images/g/dm8AAOSwGcFlQKPI/s-l1600.jpg | https://i.ebayimg.com/images/g/aWsAAOSwKDdlQKNW/s-l1600.jpg | https://i.ebayimg.com/images/g/QaUAAOSwcyJlQKNb/s-l1600.jpg | https://i.ebayimg.com/images/g/RxEAAOSwD~ZlQKNf/s-l1600.jpg | https://i.ebayimg.com/images/g/mJ4AAOSw~UllQKNl/s-l1600.jpg | https://i.ebayimg.com/images/g/asUAAOSwEEZlQKNi/s-l1600.jpg,,,5.0,Pet Products
F4-05-07,Rubber Pet Dog Frisbee Durable Fetch Toy For Puppy Exercise Outdoor Training(Blue),Generic,https://i.ebayimg.com/images/g/VUgAAOSwxgllQKPW/s-l1600.jpg | https://i.ebayimg.com/images/g/aWsAAOSwKDdlQKNW/s-l1600.jpg | https://i.ebayimg.com/images/g/QaUAAOSwcyJlQKNb/s-l1600.jpg | https://i.ebayimg.com/images/g/RxEAAOSwD~ZlQKNf/s-l1600.jpg | https://i.ebayimg.com/images/g/mJ4AAOSw~UllQKNl/s-l1600.jpg | https://i.ebayimg.com/images/g/asUAAOSwEEZlQKNi/s-l1600.jpg,,,5.0,Pet Products
F4-03-06,Rubber Pet Dog Frisbee Durable Fetch Toy For Puppy Exercise Outdoor Training(Yellow),Generic,https://i.ebayimg.com/images/g/FTIAAOSwG3VlQKPj/s-l1600.jpg | https://i.ebayimg.com/images/g/aWsAAOSwKDdlQKNW/s-l1600.jpg | https://i.ebayimg.com/images/g/QaUAAOSwcyJlQKNb/s-l1600.jpg | https://i.ebayimg.com/images/g/RxEAAOSwD~ZlQKNf/s-l1600.jpg | https://i.ebayimg.com/images/g/mJ4AAOSw~UllQKNl/s-l1600.jpg | https://i.ebayimg.com/images/g/asUAAOSwEEZlQKNi/s-l1600.jpg,,,5.0,Pet Products
F4-04-06,Rubber Pet Dog Frisbee Durable Fetch Toy For Puppy Exercise Outdoor Training(Red),Generic,https://i.ebayimg.com/images/g/a1AAAOSwEEZlQKPq/s-l1600.jpg | https://i.ebayimg.com/images/g/aWsAAOSwKDdlQKNW/s-l1600.jpg | https://i.ebayimg.com/images/g/QaUAAOSwcyJlQKNb/s-l1600.jpg | https://i.ebayimg.com/images/g/RxEAAOSwD~ZlQKNf/s-l1600.jpg | https://i.ebayimg.com/images/g/mJ4AAOSw~UllQKNl/s-l1600.jpg | https://i.ebayimg.com/images/g/asUAAOSwEEZlQKNi/s-l1600.jpg,,,5.0,Pet Products
F4-04-05,Rubber Pet Dog Frisbee Durable Fetch Toy For Puppy Exercise Outdoor Training(Green),Generic,https://i.ebayimg.com/images/g/IVYAAOSwHZhlQKP1/s-l1600.jpg | https://i.ebayimg.com/images/g/aWsAAOSwKDdlQKNW/s-l1600.jpg | https://i.ebayimg.com/images/g/QaUAAOSwcyJlQKNb/s-l1600.jpg | https://i.ebayimg.com/images/g/RxEAAOSwD~ZlQKNf/s-l1600.jpg | https://i.ebayimg.com/images/g/mJ4AAOSw~UllQKNl/s-l1600.jpg | https://i.ebayimg.com/images/g/asUAAOSwEEZlQKNi/s-l1600.jpg,,,5.0,Pet Products
F4-01-02-blue,"Heavy Duty Automatic Retractable Dog Leash Pet Collar Walking Lead Traction Rope (Blue, 3m)",Generic,https://i.ebayimg.com/images/g/qaUAAOSwWQRlQKEV/s-l1600.jpg | https://i.ebayimg.com/images/g/VaYAAOSw0L5lQKDB/s-l1600.jpg | https://i.ebayimg.com/images/g/qB4AAOSwy~tlQKDC/s-l1600.jpg | https://i.ebayimg.com/images/g/oykAAOSwqpllQKDD/s-l1600.jpg | https://i.ebayimg.com/images/g/8cAAAOSwXY9lQKDF/s-l1600.jpg | https://i.ebayimg.com/images/g/diMAAOSw7uxlQKDG/s-l1600.jpg,3m,,5.0,Pet Products
F4-01-01-bluei,"Heavy Duty Automatic Retractable Dog Leash Pet Collar Walking Lead Traction Rope (Blue, 5m)",Generic,https://i.ebayimg.com/images/g/qaUAAOSwWQRlQKEV/s-l1600.jpg | https://i.ebayimg.com/images/g/VaYAAOSw0L5lQKDB/s-l1600.jpg | https://i.ebayimg.com/images/g/qB4AAOSwy~tlQKDC/s-l1600.jpg | https://i.ebayimg.com/images/g/oykAAOSwqpllQKDD/s-l1600.jpg | https://i.ebayimg.com/images/g/8cAAAOSwXY9lQKDF/s-l1600.jpg | https://i.ebayimg.com/images/g/diMAAOSw7uxlQKDG/s-l1600.jpg,5m,,5.0,Pet Products
E0-07-02, Apple AirTag Silicone Case Cover Protect AirTags Keychain Holder Sleeve Shell,Generic,https://cdn.shopify.com/s/files/1/0407/9095/0040/files/black_b07e1636-275a-4d18-a6e1-9090e68358b8.jpg?v=1698729577,,15.99,2.0,Pet Products
E0-07-04, Apple AirTag Silicone Case Cover Protect AirTags Keychain Holder Sleeve Shell,Generic,https://cdn.shopify.com/s/files/1/0407/9095/0040/files/61IRkYBZEqL._AC_SL1500_a0b19800-a47f-4327-acf3-b336a358d258.jpg?v=1698729578,,15.99,2.0,Pet Products
E0-08-03, Apple AirTag Silicone Case Cover Protect AirTags Keychain Holder Sleeve Shell,Generic,https://cdn.shopify.com/s/files/1/0407/9095/0040/files/1_3852c8cb-1a4c-4540-9b1d-7e84e64a31cc.jpg?v=1698729578,,15.99,2.0,Pet Products
E0-06-03, Apple AirTag Silicone Case Cover Protect AirTags Keychain Holder Sleeve Shell,Generic,https://cdn.shopify.com/s/files/1/0407/9095/0040/files/2_2a6e99c7-4263-4d12-8d5a-38ed44a3e136.jpg?v=1698729576,,15.99,2.0,Pet Products
E0-10-02, Apple AirTag Silicone Case Cover Protect AirTags Keychain Holder Sleeve Shell,Generic,https://cdn.shopify.com/s/files/1/0407/9095/0040/files/3_0388501e-c15e-4b2e-a791-f13b21fa6898.jpg?v=1698729579,,15.99,2.0,Pet Products
E0-08-02, Apple AirTag Silicone Case Cover Protect AirTags Keychain Holder Sleeve Shell,Generic,https://cdn.shopify.com/s/files/1/0407/9095/0040/files/4_c56463b6-0dcf-43e1-9ac8-641b88dcf2bd.jpg?v=1698729576,,15.99,2.0,Pet Products
E0-09-02, Apple AirTag Silicone Case Cover Protect AirTags Keychain Holder Sleeve Shell,Generic,https://cdn.shopify.com/s/files/1/0407/9095/0040/files/black_4f715120-437e-42ad-857b-66b044a1019d.jpg?v=1698729589,,15.99,2.0,Pet Products
E0-07-03, Apple AirTag Silicone Case Cover Protect AirTags Keychain Holder Sleeve Shell,Generic,https://cdn.shopify.com/s/files/1/0407/9095/0040/files/saoohiregreen.jpg?v=1698729592,,15.99,2.0,Pet Products
E0-09-03, Apple AirTag Silicone Case Cover Protect AirTags Keychain Holder Sleeve Shell,Generic,https://cdn.shopify.com/s/files/1/0407/9095/0040/files/grey_555c1fd9-1c07-4cce-acab-b20b02f37ca1.jpg?v=1698729595,,15.99,2.0,Pet Products
E0-06-04, Apple AirTag Silicone Case Cover Protect AirTags Keychain Holder Sleeve Shell,Generic,https://cdn.shopify.com/s/files/1/0407/9095/0040/files/pink_94deca73-90fb-4c29-a20b-cb5c528b8abe.jpg?v=1698729598,,15.99,2.0,Pet Products
E0-10-03, Apple AirTag Silicone Case Cover Protect AirTags Keychain Holder Sleeve Shell,Generic,https://cdn.shopify.com/s/files/1/0407/9095/0040/files/teal_edfc4ef0-c9ad-48a7-a64e-393b933011a0.jpg?v=1698729601,,15.99,2.0,Pet Products
E0-07-04 ., Apple AirTag Silicone Case Protective Cover Pet Key Location Tracker Air Tag,Generic,https://cdn.shopify.com/s/files/1/0407/9095/0040/files/black_60fc3362-373e-493d-96fe-6b774cb284bb.jpg?v=1698729901,,19.99,2.0,Pet Products
E0-08-05, Apple AirTag Silicone Case Protective Cover Pet Key Location Tracker Air Tag,Generic,https://cdn.shopify.com/s/files/1/0407/9095/0040/files/black_60fc3362-373e-493d-96fe-6b774cb284bb.jpg?v=1698729901,,19.99,2.0,Pet Products
E0-06-05, Apple AirTag Silicone Case Protective Cover Pet Key Location Tracker Air Tag,Generic,https://cdn.shopify.com/s/files/1/0407/9095/0040/files/black_60fc3362-373e-493d-96fe-6b774cb284bb.jpg?v=1698729901,,19.99,2.0,Pet Products
E0-09-04, Apple AirTag Silicone Case Protective Cover Pet Key Location Tracker Air Tag,Generic,https://cdn.shopify.com/s/files/1/0407/9095/0040/files/black_60fc3362-373e-493d-96fe-6b774cb284bb.jpg?v=1698729901,,19.99,2.0,Pet Products
E0-07-05, Apple AirTag Silicone Case Protective Cover Pet Key Location Tracker Air Tag,Generic,https://cdn.shopify.com/s/files/1/0407/9095/0040/files/black_60fc3362-373e-493d-96fe-6b774cb284bb.jpg?v=1698729901,,19.99,2.0,Pet Products
E0-10-04, Apple AirTag Silicone Case Protective Cover Pet Key Location Tracker Air Tag,Generic,https://cdn.shopify.com/s/files/1/0407/9095/0040/files/black_60fc3362-373e-493d-96fe-6b774cb284bb.jpg?v=1698729901,,19.99,2.0,Pet Products
E0-10-05, Apple AirTag Silicone Case Protective Cover Pet Key Location Tracker Air Tag,Generic,https://cdn.shopify.com/s/files/1/0407/9095/0040/files/black_60fc3362-373e-493d-96fe-6b774cb284bb.jpg?v=1698729901,,19.99,2.0,Pet Products
